[
  {
    "osd": 0,
    "up": 1,
    "in": 1,
    "weight": 1.0,
    "primary_affinity": 1.0,
    "last_clean_begin": 0,
    "last_clean_end": 0,
    "up_from": 8,
    "up_thru": 143,
    "down_at": 0,
    "lost_at": 0,
    "public_addrs": {
      "addrvec": [
        { "type": "v2", "nonce": 9066, "addr": "192.168.2.106:6802" },
        { "type": "v1", "nonce": 9066, "addr": "192.168.2.106:6803" }
      ]
    },
    "cluster_addrs": {
      "addrvec": [
        { "type": "v2", "nonce": 9066, "addr": "192.168.2.106:6804" },
        { "type": "v1", "nonce": 9066, "addr": "192.168.2.106:6805" }
      ]
    },
    "heartbeat_back_addrs": {
      "addrvec": [
        { "type": "v2", "nonce": 9066, "addr": "192.168.2.106:6808" },
        { "type": "v1", "nonce": 9066, "addr": "192.168.2.106:6809" }
      ]
    },
    "heartbeat_front_addrs": {
      "addrvec": [
        { "type": "v2", "nonce": 9066, "addr": "192.168.2.106:6806" },
        { "type": "v1", "nonce": 9066, "addr": "192.168.2.106:6807" }
      ]
    },
    "state": ["exists", "up"],
    "uuid": "7fd350c1-ff37-4b89-b4a7-774219e78cbb",
    "public_addr": "192.168.2.106:6803/9066",
    "cluster_addr": "192.168.2.106:6805/9066",
    "heartbeat_back_addr": "192.168.2.106:6809/9066",
    "heartbeat_front_addr": "192.168.2.106:6807/9066",
    "id": 0,
    "osd_stats": {
      "osd": 0,
      "up_from": 8,
      "seq": 34359740004,
      "num_pgs": 201,
      "num_osds": 1,
      "num_per_pool_osds": 1,
      "num_per_pool_omap_osds": 1,
      "kb": 105906168,
      "kb_used": 2099028,
      "kb_used_data": 1876,
      "kb_used_omap": 0,
      "kb_used_meta": 1048576,
      "kb_avail": 103807140,
      "statfs": {
        "total": 108447916032,
        "available": 106298511360,
        "internally_reserved": 1073741824,
        "allocated": 1921024,
        "data_stored": 748530,
        "data_compressed": 0,
        "data_compressed_allocated": 0,
        "data_compressed_original": 0,
        "omap_allocated": 0,
        "internal_metadata": 1073741824
      },
      "hb_peers": [1, 2],
      "snap_trim_queue_len": 0,
      "num_snap_trimming": 0,
      "num_shards_repaired": 0,
      "op_queue_age_hist": { "histogram": [], "upper_bound": 1 },
      "perf_stat": {
        "commit_latency_ms": 0.0,
        "apply_latency_ms": 0.0,
        "commit_latency_ns": 0,
        "apply_latency_ns": 0
      },
      "alerts": []
    },
    "tree": {
      "id": 0,
      "device_class": "ssd",
      "type": "osd",
      "type_id": 0,
      "crush_weight": 0.0985870361328125,
      "depth": 2,
      "pool_weights": {},
      "exists": 1,
      "status": "up",
      "reweight": 1.0,
      "primary_affinity": 1.0,
      "name": "osd.0"
    },
    "host": {
      "id": -3,
      "name": "ceph-master",
      "type": "host",
      "type_id": 1,
      "pool_weights": {},
      "children": [2, 1, 0]
    },
    "stats": {
      "op_w": 0.0,
      "op_in_bytes": 0.0,
      "op_r": 0.0,
      "op_out_bytes": 0.0,
      "numpg": 201,
      "stat_bytes": 108447916032,
      "stat_bytes_used": 2149404672
    },
    "stats_history": {
      "op_w": [
        [1594973071.815675, 0.0],
        [1594973076.8181818, 0.0],
        [1594973081.8206801, 0.0],
        [1594973086.8231986, 0.0],
        [1594973091.8258255, 0.0],
        [1594973096.8285067, 0.0],
        [1594973101.830774, 0.0],
        [1594973106.8332067, 0.0],
        [1594973111.8377645, 0.0],
        [1594973116.8413265, 0.0],
        [1594973121.8436713, 0.0],
        [1594973126.846079, 0.0],
        [1594973131.8485043, 0.0],
        [1594973136.8509178, 0.0],
        [1594973141.8532503, 0.0],
        [1594973146.8557014, 0.0],
        [1594973151.857818, 0.0],
        [1594973156.8602881, 0.0],
        [1594973161.862781, 0.0]
      ],
      "op_in_bytes": [
        [1594973071.815675, 0.0],
        [1594973076.8181818, 0.0],
        [1594973081.8206801, 0.0],
        [1594973086.8231986, 0.0],
        [1594973091.8258255, 0.0],
        [1594973096.8285067, 0.0],
        [1594973101.830774, 0.0],
        [1594973106.8332067, 0.0],
        [1594973111.8377645, 0.0],
        [1594973116.8413265, 0.0],
        [1594973121.8436713, 0.0],
        [1594973126.846079, 0.0],
        [1594973131.8485043, 0.0],
        [1594973136.8509178, 0.0],
        [1594973141.8532503, 0.0],
        [1594973146.8557014, 0.0],
        [1594973151.857818, 0.0],
        [1594973156.8602881, 0.0],
        [1594973161.862781, 0.0]
      ],
      "op_r": [
        [1594973071.815675, 0.0],
        [1594973076.8181818, 0.0],
        [1594973081.8206801, 0.0],
        [1594973086.8231986, 0.0],
        [1594973091.8258255, 0.0],
        [1594973096.8285067, 0.0],
        [1594973101.830774, 0.0],
        [1594973106.8332067, 0.0],
        [1594973111.8377645, 0.0],
        [1594973116.8413265, 0.0],
        [1594973121.8436713, 0.0],
        [1594973126.846079, 0.0],
        [1594973131.8485043, 0.0],
        [1594973136.8509178, 0.0],
        [1594973141.8532503, 0.0],
        [1594973146.8557014, 0.0],
        [1594973151.857818, 0.0],
        [1594973156.8602881, 0.0],
        [1594973161.862781, 0.0]
      ],
      "op_out_bytes": [
        [1594973071.815675, 0.0],
        [1594973076.8181818, 0.0],
        [1594973081.8206801, 0.0],
        [1594973086.8231986, 0.0],
        [1594973091.8258255, 0.0],
        [1594973096.8285067, 0.0],
        [1594973101.830774, 0.0],
        [1594973106.8332067, 0.0],
        [1594973111.8377645, 0.0],
        [1594973116.8413265, 0.0],
        [1594973121.8436713, 0.0],
        [1594973126.846079, 0.0],
        [1594973131.8485043, 0.0],
        [1594973136.8509178, 0.0],
        [1594973141.8532503, 0.0],
        [1594973146.8557014, 0.0],
        [1594973151.857818, 0.0],
        [1594973156.8602881, 0.0],
        [1594973161.862781, 0.0]
      ]
    }
  },
  {
    "osd": 1,
    "up": 1,
    "in": 1,
    "weight": 1.0,
    "primary_affinity": 1.0,
    "last_clean_begin": 0,
    "last_clean_end": 0,
    "up_from": 13,
    "up_thru": 143,
    "down_at": 0,
    "lost_at": 0,
    "public_addrs": {
      "addrvec": [
        { "type": "v2", "nonce": 10136, "addr": "192.168.2.106:6810" },
        { "type": "v1", "nonce": 10136, "addr": "192.168.2.106:6811" }
      ]
    },
    "cluster_addrs": {
      "addrvec": [
        { "type": "v2", "nonce": 10136, "addr": "192.168.2.106:6812" },
        { "type": "v1", "nonce": 10136, "addr": "192.168.2.106:6813" }
      ]
    },
    "heartbeat_back_addrs": {
      "addrvec": [
        { "type": "v2", "nonce": 10136, "addr": "192.168.2.106:6816" },
        { "type": "v1", "nonce": 10136, "addr": "192.168.2.106:6817" }
      ]
    },
    "heartbeat_front_addrs": {
      "addrvec": [
        { "type": "v2", "nonce": 10136, "addr": "192.168.2.106:6814" },
        { "type": "v1", "nonce": 10136, "addr": "192.168.2.106:6815" }
      ]
    },
    "state": ["exists", "up"],
    "uuid": "b57436ab-31cf-43ab-ae04-2b1ead69d155",
    "public_addr": "192.168.2.106:6811/10136",
    "cluster_addr": "192.168.2.106:6813/10136",
    "heartbeat_back_addr": "192.168.2.106:6817/10136",
    "heartbeat_front_addr": "192.168.2.106:6815/10136",
    "id": 1,
    "osd_stats": {
      "osd": 1,
      "up_from": 13,
      "seq": 55834576483,
      "num_pgs": 201,
      "num_osds": 1,
      "num_per_pool_osds": 1,
      "num_per_pool_omap_osds": 1,
      "kb": 105906168,
      "kb_used": 2099028,
      "kb_used_data": 1876,
      "kb_used_omap": 0,
      "kb_used_meta": 1048576,
      "kb_avail": 103807140,
      "statfs": {
        "total": 108447916032,
        "available": 106298511360,
        "internally_reserved": 1073741824,
        "allocated": 1921024,
        "data_stored": 748530,
        "data_compressed": 0,
        "data_compressed_allocated": 0,
        "data_compressed_original": 0,
        "omap_allocated": 0,
        "internal_metadata": 1073741824
      },
      "hb_peers": [0, 2],
      "snap_trim_queue_len": 0,
      "num_snap_trimming": 0,
      "num_shards_repaired": 0,
      "op_queue_age_hist": { "histogram": [], "upper_bound": 1 },
      "perf_stat": {
        "commit_latency_ms": 0.0,
        "apply_latency_ms": 0.0,
        "commit_latency_ns": 0,
        "apply_latency_ns": 0
      },
      "alerts": []
    },
    "tree": {
      "id": 1,
      "device_class": "ssd",
      "type": "osd",
      "type_id": 0,
      "crush_weight": 0.0985870361328125,
      "depth": 2,
      "pool_weights": {},
      "exists": 1,
      "status": "up",
      "reweight": 1.0,
      "primary_affinity": 1.0,
      "name": "osd.1"
    },
    "host": {
      "id": -3,
      "name": "ceph-master",
      "type": "host",
      "type_id": 1,
      "pool_weights": {},
      "children": [2, 1, 0]
    },
    "stats": {
      "op_w": 0.0,
      "op_in_bytes": 0.0,
      "op_r": 0.0,
      "op_out_bytes": 0.0,
      "numpg": 201,
      "stat_bytes": 108447916032,
      "stat_bytes_used": 2149404672
    },
    "stats_history": {
      "op_w": [
        [1594973072.2473748, 0.0],
        [1594973077.249638, 0.0],
        [1594973082.252127, 0.0],
        [1594973087.2545457, 0.0],
        [1594973092.2568345, 0.0],
        [1594973097.2593641, 0.0],
        [1594973102.2615848, 0.0],
        [1594973107.263888, 0.0],
        [1594973112.2665699, 0.0],
        [1594973117.2689157, 0.0],
        [1594973122.2711878, 0.0],
        [1594973127.2736654, 0.0],
        [1594973132.2760675, 0.0],
        [1594973137.2787013, 0.0],
        [1594973142.2811794, 0.0],
        [1594973147.2834256, 0.0],
        [1594973152.2856195, 0.0],
        [1594973157.288044, 0.0],
        [1594973162.2904015, 0.0]
      ],
      "op_in_bytes": [
        [1594973072.2473748, 0.0],
        [1594973077.249638, 0.0],
        [1594973082.252127, 0.0],
        [1594973087.2545457, 0.0],
        [1594973092.2568345, 0.0],
        [1594973097.2593641, 0.0],
        [1594973102.2615848, 0.0],
        [1594973107.263888, 0.0],
        [1594973112.2665699, 0.0],
        [1594973117.2689157, 0.0],
        [1594973122.2711878, 0.0],
        [1594973127.2736654, 0.0],
        [1594973132.2760675, 0.0],
        [1594973137.2787013, 0.0],
        [1594973142.2811794, 0.0],
        [1594973147.2834256, 0.0],
        [1594973152.2856195, 0.0],
        [1594973157.288044, 0.0],
        [1594973162.2904015, 0.0]
      ],
      "op_r": [
        [1594973072.2473748, 0.0],
        [1594973077.249638, 0.0],
        [1594973082.252127, 0.0],
        [1594973087.2545457, 0.0],
        [1594973092.2568345, 0.0],
        [1594973097.2593641, 0.0],
        [1594973102.2615848, 0.0],
        [1594973107.263888, 0.0],
        [1594973112.2665699, 0.0],
        [1594973117.2689157, 0.0],
        [1594973122.2711878, 0.0],
        [1594973127.2736654, 0.0],
        [1594973132.2760675, 0.0],
        [1594973137.2787013, 0.0],
        [1594973142.2811794, 0.0],
        [1594973147.2834256, 0.0],
        [1594973152.2856195, 0.0],
        [1594973157.288044, 0.0],
        [1594973162.2904015, 0.0]
      ],
      "op_out_bytes": [
        [1594973072.2473748, 0.0],
        [1594973077.249638, 0.0],
        [1594973082.252127, 0.0],
        [1594973087.2545457, 0.0],
        [1594973092.2568345, 0.0],
        [1594973097.2593641, 0.0],
        [1594973102.2615848, 0.0],
        [1594973107.263888, 0.0],
        [1594973112.2665699, 0.0],
        [1594973117.2689157, 0.0],
        [1594973122.2711878, 0.0],
        [1594973127.2736654, 0.0],
        [1594973132.2760675, 0.0],
        [1594973137.2787013, 0.0],
        [1594973142.2811794, 0.0],
        [1594973147.2834256, 0.0],
        [1594973152.2856195, 0.0],
        [1594973157.288044, 0.0],
        [1594973162.2904015, 0.0]
      ]
    }
  },
  {
    "osd": 2,
    "up": 1,
    "in": 1,
    "weight": 1.0,
    "primary_affinity": 1.0,
    "last_clean_begin": 0,
    "last_clean_end": 0,
    "up_from": 17,
    "up_thru": 143,
    "down_at": 0,
    "lost_at": 0,
    "public_addrs": {
      "addrvec": [
        { "type": "v2", "nonce": 11208, "addr": "192.168.2.106:6818" },
        { "type": "v1", "nonce": 11208, "addr": "192.168.2.106:6819" }
      ]
    },
    "cluster_addrs": {
      "addrvec": [
        { "type": "v2", "nonce": 11208, "addr": "192.168.2.106:6820" },
        { "type": "v1", "nonce": 11208, "addr": "192.168.2.106:6821" }
      ]
    },
    "heartbeat_back_addrs": {
      "addrvec": [
        { "type": "v2", "nonce": 11208, "addr": "192.168.2.106:6824" },
        { "type": "v1", "nonce": 11208, "addr": "192.168.2.106:6825" }
      ]
    },
    "heartbeat_front_addrs": {
      "addrvec": [
        { "type": "v2", "nonce": 11208, "addr": "192.168.2.106:6822" },
        { "type": "v1", "nonce": 11208, "addr": "192.168.2.106:6823" }
      ]
    },
    "state": ["exists", "up"],
    "uuid": "6e6b88e3-67aa-4ea0-aac0-cbfe89a0f652",
    "public_addr": "192.168.2.106:6819/11208",
    "cluster_addr": "192.168.2.106:6821/11208",
    "heartbeat_back_addr": "192.168.2.106:6825/11208",
    "heartbeat_front_addr": "192.168.2.106:6823/11208",
    "id": 2,
    "osd_stats": {
      "osd": 2,
      "up_from": 17,
      "seq": 73014445666,
      "num_pgs": 201,
      "num_osds": 1,
      "num_per_pool_osds": 1,
      "num_per_pool_omap_osds": 1,
      "kb": 105906168,
      "kb_used": 2099028,
      "kb_used_data": 1876,
      "kb_used_omap": 0,
      "kb_used_meta": 1048576,
      "kb_avail": 103807140,
      "statfs": {
        "total": 108447916032,
        "available": 106298511360,
        "internally_reserved": 1073741824,
        "allocated": 1921024,
        "data_stored": 748530,
        "data_compressed": 0,
        "data_compressed_allocated": 0,
        "data_compressed_original": 0,
        "omap_allocated": 0,
        "internal_metadata": 1073741824
      },
      "hb_peers": [0, 1],
      "snap_trim_queue_len": 0,
      "num_snap_trimming": 0,
      "num_shards_repaired": 0,
      "op_queue_age_hist": { "histogram": [], "upper_bound": 1 },
      "perf_stat": {
        "commit_latency_ms": 0.0,
        "apply_latency_ms": 0.0,
        "commit_latency_ns": 0,
        "apply_latency_ns": 0
      },
      "alerts": []
    },
    "tree": {
      "id": 2,
      "device_class": "ssd",
      "type": "osd",
      "type_id": 0,
      "crush_weight": 0.0985870361328125,
      "depth": 2,
      "pool_weights": {},
      "exists": 1,
      "status": "up",
      "reweight": 1.0,
      "primary_affinity": 1.0,
      "name": "osd.2"
    },
    "host": {
      "id": -3,
      "name": "ceph-master",
      "type": "host",
      "type_id": 1,
      "pool_weights": {},
      "children": [2, 1, 0]
    },
    "stats": {
      "op_w": 0.0,
      "op_in_bytes": 0.0,
      "op_r": 0.0,
      "op_out_bytes": 0.0,
      "numpg": 201,
      "stat_bytes": 108447916032,
      "stat_bytes_used": 2149404672
    },
    "stats_history": {
      "op_w": [
        [1594973071.7967167, 0.0],
        [1594973076.7992308, 0.0],
        [1594973081.8016157, 0.0],
        [1594973086.8038485, 0.0],
        [1594973091.806146, 0.0],
        [1594973096.8079553, 0.0],
        [1594973101.8099923, 0.0],
        [1594973106.8122191, 0.0],
        [1594973111.814509, 0.0],
        [1594973116.8168204, 0.0],
        [1594973121.8191206, 0.0],
        [1594973126.8215034, 0.0],
        [1594973131.8238406, 0.0],
        [1594973136.8261213, 0.0],
        [1594973141.8283849, 0.0],
        [1594973146.8305933, 0.0],
        [1594973151.8342226, 0.0],
        [1594973156.837437, 0.0],
        [1594973161.8397536, 0.0]
      ],
      "op_in_bytes": [
        [1594973071.7967167, 0.0],
        [1594973076.7992308, 0.0],
        [1594973081.8016157, 0.0],
        [1594973086.8038485, 0.0],
        [1594973091.806146, 0.0],
        [1594973096.8079553, 0.0],
        [1594973101.8099923, 0.0],
        [1594973106.8122191, 0.0],
        [1594973111.814509, 0.0],
        [1594973116.8168204, 0.0],
        [1594973121.8191206, 0.0],
        [1594973126.8215034, 0.0],
        [1594973131.8238406, 0.0],
        [1594973136.8261213, 0.0],
        [1594973141.8283849, 0.0],
        [1594973146.8305933, 0.0],
        [1594973151.8342226, 0.0],
        [1594973156.837437, 0.0],
        [1594973161.8397536, 0.0]
      ],
      "op_r": [
        [1594973071.7967167, 0.0],
        [1594973076.7992308, 0.0],
        [1594973081.8016157, 0.0],
        [1594973086.8038485, 0.0],
        [1594973091.806146, 0.0],
        [1594973096.8079553, 0.0],
        [1594973101.8099923, 0.0],
        [1594973106.8122191, 0.0],
        [1594973111.814509, 0.0],
        [1594973116.8168204, 0.0],
        [1594973121.8191206, 0.0],
        [1594973126.8215034, 0.0],
        [1594973131.8238406, 0.0],
        [1594973136.8261213, 0.0],
        [1594973141.8283849, 0.0],
        [1594973146.8305933, 0.0],
        [1594973151.8342226, 0.0],
        [1594973156.837437, 0.0],
        [1594973161.8397536, 0.0]
      ],
      "op_out_bytes": [
        [1594973071.7967167, 0.0],
        [1594973076.7992308, 0.0],
        [1594973081.8016157, 0.0],
        [1594973086.8038485, 0.0],
        [1594973091.806146, 0.0],
        [1594973096.8079553, 0.0],
        [1594973101.8099923, 0.0],
        [1594973106.8122191, 0.0],
        [1594973111.814509, 0.0],
        [1594973116.8168204, 0.0],
        [1594973121.8191206, 0.0],
        [1594973126.8215034, 0.0],
        [1594973131.8238406, 0.0],
        [1594973136.8261213, 0.0],
        [1594973141.8283849, 0.0],
        [1594973146.8305933, 0.0],
        [1594973151.8342226, 0.0],
        [1594973156.837437, 0.0],
        [1594973161.8397536, 0.0]
      ]
    }
  }
]
