[
  {
    "name": "mgr0",
    "addr": "mgr0",
    "devices": [
      {
        "rejected_reasons": [],
        "available": true,
        "path": "/dev/sda",
        "sys_api": {
          "removable": "0",
          "ro": "0",
          "vendor": "ATA",
          "model": "QEMU HARDDISK",
          "rev": "2.5+",
          "sas_address": "",
          "sas_device_handle": "",
          "support_discard": "512",
          "rotational": "0",
          "nr_requests": "64",
          "scheduler_mode": "mq-deadline",
          "partitions": {},
          "sectors": 0,
          "sectorsize": "512",
          "size": 10737418240.0,
          "human_readable_size": "10.00 GB",
          "path": "/dev/sda",
          "locked": 0
        },
        "lvs": [],
        "human_readable_type": "ssd",
        "device_id": "QEMU_HARDDISK_mgr0-1-ssd",
        "osd_ids": []
      },
      {
        "rejected_reasons": [],
        "available": true,
        "path": "/dev/sdb",
        "sys_api": {
          "removable": "0",
          "ro": "0",
          "vendor": "ATA",
          "model": "QEMU HARDDISK",
          "rev": "2.5+",
          "sas_address": "",
          "sas_device_handle": "",
          "support_discard": "512",
          "rotational": "0",
          "nr_requests": "64",
          "scheduler_mode": "mq-deadline",
          "partitions": {},
          "sectors": 0,
          "sectorsize": "512",
          "size": 10737418240.0,
          "human_readable_size": "10.00 GB",
          "path": "/dev/sdb",
          "locked": 0
        },
        "lvs": [],
        "human_readable_type": "ssd",
        "device_id": "QEMU_HARDDISK_mgr0-2-ssd",
        "osd_ids": []
      },
      {
        "rejected_reasons": [],
        "available": true,
        "path": "/dev/sdc",
        "sys_api": {
          "removable": "0",
          "ro": "0",
          "vendor": "ATA",
          "model": "QEMU HARDDISK",
          "rev": "2.5+",
          "sas_address": "",
          "sas_device_handle": "",
          "support_discard": "512",
          "rotational": "1",
          "nr_requests": "64",
          "scheduler_mode": "mq-deadline",
          "partitions": {},
          "sectors": 0,
          "sectorsize": "512",
          "size": 21474836480.0,
          "human_readable_size": "20.00 GB",
          "path": "/dev/sdc",
          "locked": 0
        },
        "lvs": [],
        "human_readable_type": "hdd",
        "device_id": "QEMU_HARDDISK_mgr0-3-hdd",
        "osd_ids": []
      },
      {
        "rejected_reasons": [],
        "available": true,
        "path": "/dev/sdd",
        "sys_api": {
          "removable": "0",
          "ro": "0",
          "vendor": "ATA",
          "model": "QEMU HARDDISK",
          "rev": "2.5+",
          "sas_address": "",
          "sas_device_handle": "",
          "support_discard": "512",
          "rotational": "1",
          "nr_requests": "64",
          "scheduler_mode": "mq-deadline",
          "partitions": {},
          "sectors": 0,
          "sectorsize": "512",
          "size": 21474836480.0,
          "human_readable_size": "20.00 GB",
          "path": "/dev/sdd",
          "locked": 0
        },
        "lvs": [],
        "human_readable_type": "hdd",
        "device_id": "QEMU_HARDDISK_mgr0-4-hdd",
        "osd_ids": []
      },
      {
        "rejected_reasons": ["locked"],
        "available": false,
        "path": "/dev/vda",
        "sys_api": {
          "removable": "0",
          "ro": "0",
          "vendor": "0x1af4",
          "model": "",
          "rev": "",
          "sas_address": "",
          "sas_device_handle": "",
          "support_discard": "0",
          "rotational": "1",
          "nr_requests": "256",
          "scheduler_mode": "mq-deadline",
          "partitions": {
            "vda1": {
              "start": "2048",
              "sectors": "20969472",
              "sectorsize": 512,
              "size": 10736369664.0,
              "human_readable_size": "10.00 GB",
              "holders": []
            }
          },
          "sectors": 0,
          "sectorsize": "512",
          "size": 11811160064.0,
          "human_readable_size": "11.00 GB",
          "path": "/dev/vda",
          "locked": 1
        },
        "lvs": [],
        "human_readable_type": "hdd",
        "device_id": "",
        "osd_ids": []
      }
    ],
    "labels": []
  },
  {
    "name": "osd0",
    "addr": "osd0",
    "devices": [
      {
        "rejected_reasons": [],
        "available": true,
        "path": "/dev/sda",
        "sys_api": {
          "removable": "0",
          "ro": "0",
          "vendor": "ATA",
          "model": "QEMU HARDDISK",
          "rev": "2.5+",
          "sas_address": "",
          "sas_device_handle": "",
          "support_discard": "512",
          "rotational": "0",
          "nr_requests": "64",
          "scheduler_mode": "mq-deadline",
          "partitions": {},
          "sectors": 0,
          "sectorsize": "512",
          "size": 10737418240.0,
          "human_readable_size": "10.00 GB",
          "path": "/dev/sda",
          "locked": 0
        },
        "lvs": [],
        "human_readable_type": "ssd",
        "device_id": "QEMU_HARDDISK_osd0-1-ssd",
        "osd_ids": []
      },
      {
        "rejected_reasons": [],
        "available": true,
        "path": "/dev/sdb",
        "sys_api": {
          "removable": "0",
          "ro": "0",
          "vendor": "ATA",
          "model": "QEMU HARDDISK",
          "rev": "2.5+",
          "sas_address": "",
          "sas_device_handle": "",
          "support_discard": "512",
          "rotational": "0",
          "nr_requests": "64",
          "scheduler_mode": "mq-deadline",
          "partitions": {},
          "sectors": 0,
          "sectorsize": "512",
          "size": 10737418240.0,
          "human_readable_size": "10.00 GB",
          "path": "/dev/sdb",
          "locked": 0
        },
        "lvs": [],
        "human_readable_type": "ssd",
        "device_id": "QEMU_HARDDISK_osd0-2-ssd",
        "osd_ids": []
      },
      {
        "rejected_reasons": [],
        "available": true,
        "path": "/dev/sdc",
        "sys_api": {
          "removable": "0",
          "ro": "0",
          "vendor": "ATA",
          "model": "QEMU HARDDISK",
          "rev": "2.5+",
          "sas_address": "",
          "sas_device_handle": "",
          "support_discard": "512",
          "rotational": "1",
          "nr_requests": "64",
          "scheduler_mode": "mq-deadline",
          "partitions": {},
          "sectors": 0,
          "sectorsize": "512",
          "size": 21474836480.0,
          "human_readable_size": "20.00 GB",
          "path": "/dev/sdc",
          "locked": 0
        },
        "lvs": [],
        "human_readable_type": "hdd",
        "device_id": "QEMU_HARDDISK_osd0-3-hdd",
        "osd_ids": []
      },
      {
        "rejected_reasons": [],
        "available": true,
        "path": "/dev/sdd",
        "sys_api": {
          "removable": "0",
          "ro": "0",
          "vendor": "ATA",
          "model": "QEMU HARDDISK",
          "rev": "2.5+",
          "sas_address": "",
          "sas_device_handle": "",
          "support_discard": "512",
          "rotational": "1",
          "nr_requests": "64",
          "scheduler_mode": "mq-deadline",
          "partitions": {},
          "sectors": 0,
          "sectorsize": "512",
          "size": 21474836480.0,
          "human_readable_size": "20.00 GB",
          "path": "/dev/sdd",
          "locked": 0
        },
        "lvs": [],
        "human_readable_type": "hdd",
        "device_id": "QEMU_HARDDISK_osd0-4-hdd",
        "osd_ids": []
      },
      {
        "rejected_reasons": ["locked"],
        "available": false,
        "path": "/dev/vda",
        "sys_api": {
          "removable": "0",
          "ro": "0",
          "vendor": "0x1af4",
          "model": "",
          "rev": "",
          "sas_address": "",
          "sas_device_handle": "",
          "support_discard": "0",
          "rotational": "1",
          "nr_requests": "256",
          "scheduler_mode": "mq-deadline",
          "partitions": {
            "vda1": {
              "start": "2048",
              "sectors": "20969472",
              "sectorsize": 512,
              "size": 10736369664.0,
              "human_readable_size": "10.00 GB",
              "holders": []
            }
          },
          "sectors": 0,
          "sectorsize": "512",
          "size": 11811160064.0,
          "human_readable_size": "11.00 GB",
          "path": "/dev/vda",
          "locked": 1
        },
        "lvs": [],
        "human_readable_type": "hdd",
        "device_id": "",
        "osd_ids": []
      }
    ],
    "labels": []
  }
]
