{
  "rgw_realm": "default",
  "rgw_zone": "default",
  "service_type": "rgw",
  "placement": {
    "hosts": [{
      "hostname": "ironic-moliver",
      "name": "",
      "network": ""
    }],
    "count": 1
  },
  "ssl": true,
  "rgw_frontend_port": 4343,
  "rgw_frontend_ssl_certificate": [
      "-----BEGIN CERTIFICATE-----",
      "MIIFmjCCA4KgAwIBAgIJAIZ2n35bmwXTMA0GCSqGSIb3DQEBCwUAMGIxCzAJBgNV",
      "BAYTAkFVMQwwCgYDVQQIDANOU1cxHTAbBgNVBAoMFEV4YW1wbGUgUkdXIFNTTCBp",
      "bmMuMSYwJAYDVQQDDB1yZ3ctZW5kcG9pbnQuZXhhbXBsZS1jZXBoLmNvbTAeFw0y",
      "MDAyMDcwMDEzNTFaFw0zMDAyMDQwMDEzNTFaMGIxCzAJBgNVBAYTAkFVMQwwCgYD",
      "VQQIDANOU1cxHTAbBgNVBAoMFEV4YW1wbGUgUkdXIFNTTCBpbmMuMSYwJAYDVQQD",
      "DB1yZ3ctZW5kcG9pbnQuZXhhbXBsZS1jZXBoLmNvbTCCAiIwDQYJKoZIhvcNAQEB",
      "BQADggIPADCCAgoCggIBAMptGJ523QkEbc37za8iuCTahj0Zr6hy+ToSX/Vfdzxj",
      "iYHuD2PiZZyJB7t2eOqiA8sQ5N513EUtf2ZIBwtnnqFIzD5TqI3BxRajUTlOyXUX",
      "onMwQwXu2ifDUy3LCmuQfzanOTWvVLac1NmkWbJHpJCXYbUnPb1Nvd0QjTTEH1jt",
      "5bDHhfxwCIYK6PY+MqC72a09wB2ZF+EKsSdqghOKmibfJHtoJdsqGeLrysBLrzUJ",
      "e/5ZW3V4Z85T2lja5KZnWgRofrUy5TmJV10HO4Hht92xvWvEi/rmjg2AVYZFUQQx",
      "xKXpUBbF5T46eSVmaT7IH88Yp5ytgBTaigym7ETCjohp/DfCaK1DUehh0ce7iUq2",
      "yCLviZsX4WdPYxzkoLflNrqm4YZP6iKcZSUR/A+qPKCzCXgMXFNA1JxilDwEq35F",
      "zGN++ehJqdNmOQ1eQScsLwZQa6mC97d+upWdCvyntf1+S6vNcXhtRQpjNM4W37oW",
      "r5nicsGA3/0rpDEHZW85KlkdWO1uCS/6ftgt8UUMaf5ew3PigzusqymBWTlMOjtW",
      "uAQXxgZZvkRp+xdspn/uTCAP+bNShGD6Q+TO3U6IjTqHk83sGKCvg2dyU/dqgPr9",
      "2IIzgQBFGk0W0nM/E83E8hUSwX17COLL3drhPZb4VRMChQ8PAa6u9nIymkX2wSVv",
      "AgMBAAGjUzBRMB0GA1UdDgQWBBSsZHuY7KK80RrZHp+Gx+k16skuRDAfBgNVHSME",
      "GDAWgBSsZHuY7KK80RrZHp+Gx+k16skuRDAPBgNVHRMBAf8EBTADAQH/MA0GCSqG",
      "SIb3DQEBCwUAA4ICAQAE+BLtnu0p8FtK7vrBCRcCdvycWaSFGJUt7r5Nm8TD7sKw",
      "bWeDLgXrRouyA7n6yt/JqQbXYcxt4MLAM0P6NQd5BlNrrnDk4rBnJiJgejppNE+S",
      "BazR7Dv0uYcs8kPT4DPpwzv4aJ2aXCBaxYrq8Rx2xOqANCPVOrtPUk9yGpaQ5adU",
      "GfxkVbpgIEz1c71PeQuK1KUU/Wpk7cpm+FQCizl9ftP2lHWsGhSLCuyWoMTjt68P",
      "gYEWoV54eo/bzwj2ei6TcfNo+uHyzEiiG2qEvMh/cnYUFzs8O1t0mN19WPB1pSh1",
      "faci5lGdtkRbLgP0g5RvpagE7Lw3mCc5Om8jmHs4mPfuVkssBVV23CrFpqLLrDX3",
      "Acwb/zRGvA7T4WESBTJMYFOLgm0W0Y+AN8RcYNU9QbDhe++Te0uz/3Sy3GN2Xg5z",
      "MxfD1+34x6KvMfCh8NjII2mFQ9ukcfrhcfO3oWDLlwsqlVbhkZxNiUOEIx9nzHcF",
      "kWpZ2ypBDH45h2o3LyqvGjsu/BFkeG6JpEDCWbClKWcjKxOrLVDufhSDduffDjja",
      "zOsgQJg0Yf//Ubb5p0c54GjHM/XDXEcV3m3sEtbmMYz6xGwuag4bx8P2E/QY8sFp",
      "JxgIdS8vdl6YhDCjKJ2XzI30JwCdftgDIAiWSE0ivoDc+8+gG1nb11GT52HFzA==",
      "-----END CERTIFICATE-----"
	],
  "rgw_frontend_ssl_key": [
      "-----BEGIN PRIVATE KEY-----",
      "MIIJQwIBADANBgkqhkiG9w0BAQEFAASCCS0wggkpAgEAAoICAQDKbRiedt0JBG3N",
      "+82vIrgk2oY9Ga+ocvk6El/1X3c8Y4mB7g9j4mWciQe7dnjqogPLEOTeddxFLX9m",
      "SAcLZ56hSMw+U6iNwcUWo1E5Tsl1F6JzMEMF7tonw1MtywprkH82pzk1r1S2nNTZ",
      "pFmyR6SQl2G1Jz29Tb3dEI00xB9Y7eWwx4X8cAiGCuj2PjKgu9mtPcAdmRfhCrEn",
      "aoITipom3yR7aCXbKhni68rAS681CXv+WVt1eGfOU9pY2uSmZ1oEaH61MuU5iVdd",
      "BzuB4bfdsb1rxIv65o4NgFWGRVEEMcSl6VAWxeU+OnklZmk+yB/PGKecrYAU2ooM",
      "puxEwo6Iafw3wmitQ1HoYdHHu4lKtsgi74mbF+FnT2Mc5KC35Ta6puGGT+oinGUl",
      "EfwPqjygswl4DFxTQNScYpQ8BKt+RcxjfvnoSanTZjkNXkEnLC8GUGupgve3frqV",
      "nQr8p7X9fkurzXF4bUUKYzTOFt+6Fq+Z4nLBgN/9K6QxB2VvOSpZHVjtbgkv+n7Y",
      "LfFFDGn+XsNz4oM7rKspgVk5TDo7VrgEF8YGWb5EafsXbKZ/7kwgD/mzUoRg+kPk",
      "zt1OiI06h5PN7Bigr4NnclP3aoD6/diCM4EARRpNFtJzPxPNxPIVEsF9ewjiy93a",
      "4T2W+FUTAoUPDwGurvZyMppF9sElbwIDAQABAoICAQC4sATwP563pXTRpNYq3lCI",
      "P2COyqq70/qUA0PNygYt8Nr60srz5RG0WknVvefgm2U+lvFaDsqjyzkbhsf2ndnb",
      "aWH/07BLdeluGB/5W2rvDFtJIVVlSmF8OffgJgohzbpjkPrfglKWMkz5LbwwrrD0",
      "w0mAUIdB+nYqBfnvlKjNKHCSc9hJU6ZTNg0K7gCfKgUWzOpFlvJ0fp7XSZPYZHL0",
      "2E6e0Y0Ig0cPBPb9r4/xoe+hRsHtUafUVik3PK+1K0K0FurUQ9VkQ2yUEg83F0v8",
      "Vzht5OuaRVSB+P8O/JtIamfywAY0YOYhepQhjWikwU5UUzhJ+PqNDD87/+g9bA1B",
      "xC25eoDxThiQlgDmRoH18ZsWDVf9TuJnm4cpxnZYX6ip+BLm/aidT39auZo0Fl+r",
      "cJxRn0Qlm0Vm4Tc/6ZG6PQWB+Q6CjVFdoxeOvEQcTSuKA6VZBStLmqX++5In1Lmj",
      "hVr3/aueHiZvXS5bNIdd2IfzatR+nP+uxzM/ryJRvGO2B2XTS00Cvv/lH84BDJYV",
      "yt1PJIBoM9Dh7aUAHmKNVfRt83xzvcSPZx9VmSzA6wwqCQcO1GJk6keAuxOuligu",
      "YdSFcfChOg90WvBcl+NzMblLkwrFSBQR7kgG0+dedv+Wkm4xO4T7B4W2G5+VIJKG",
      "mrEAq6XQMFnfEJzNVg7JUQKCAQEA91eMvphoVVz+cxa4Ew7OokNXk5kSlvmQ8+Ij",
      "ngFBvniXPZecxVzFEJglSthH5KI2ZqxwF3GJhKjxUihwf6K13Hx54EM7S/qV57ie",
      "kVeKdAs+SGv+hRk1gQOoPBInbtKGKTni1V8T7iNginLueC/YikFugzv6IxiliBSG",
      "3R7zjRepOW69aEoCPecx9amU4CkAwgeLJgBloBoqWD8sKM+bl7p5juQCU2sQ9D4/",
      "kLnpG9+zPRUNjI4sog3L1wql3zthI6/4gf0TNuDhJTZ68vpMSi02pOUkVa0MmVOA",
      "ex16luIp0BhxG/sUAeoevFL4KqR0CBbyAstbt2E/oPYOWMJ4MwKCAQEA0YMNXY7I",
      "RNFOmiZ2Wn8kENCyJguqbOMd/li2+ercgp3MaSgTjC5KDFvZqTwXXlrURPu9hcyv",
      "sJBSjp45g1T1LsUUq8UJgOIQgxykurIstGg33TAR+TN9VUu/xonLQF23GD8M6Vzd",
      "EcZEVlBY33hgNXw4mRcBPnaoG5FZCBfHOgdBCExoYKW/RNKcmu0q+h9uhDBCbopv",
      "04ROzw+HW1qc5qvNPR47buZ9+5QdonVK8s2bguMJ0phXwdSxL21wsjIsXyAO9m7w",
      "qLHOq/hVokM0Fki09Exg4ppB8cLHC2ITpsVSgn4Dcz5zRtyvhozSKX4R9kMC64a0",
      "AgMPVMllmGlR1QKCAQBIIGCrh7gNBIQyvXJKJGw/RxH3uZCBNB9/7vbh8Y3hZDr+",
      "PAL8TpQsxaFCVRWJ53+jqy84tuQaKkXM5nv/zEvqEuZbbl+RRW6HVv/udC+srUap",
      "Scy7tWEz0QQzGDwlhgCXbwjlnccrD2fsl51QsOsdTf1TCZ9ksqA6sXmua4MsJrUz",
      "SUa0bbh/oraf46bFQ0+0RQzftQftixPEDg/rirbdpQQjlfvTpYoZHzncE0qV1ULo",
      "UgZUcXU0gH9rovBBy4gFJyB5j3oV67fb6SorRrAOhWbE6QkSbtcYsw/pVuxTqXn1",
      "89qwBSSNdl8mHa++h5xKa56BEBobvKEYaAhA+9yfAoIBAQDPFEE5n87Cdj7CjhGd",
      "EN2M4Tmz8QPZ7AHRS85O5pxdXaqUpU/s1jPKU16nrwVJ9WypYkjI3q8oTP3MiQc/",
      "j9FnENSFkpL6GHdJoB4Rido11myg6spZDVNr4xsCGWATlo1KIceZQHghAV66EWBG",
      "QKyXMNigN+S64Hz4AomFPjtkV5cnpJ3mKO0MET9IwfIglsCdVzXSHHK7FaLvdeHL",
      "oZxDQrvxFNiZnKgY6SUBVf1mT2LN06n5xSm4I4md3wXsmzrQKtefK7gihNxJjYLW",
      "hqYNAIAalwOL9fwIAQTLc30I8S/EWtj+J1O5TpcO3lE7QahvR3yzXsi81Flq7ETG",
      "iBKhAoIBAGHGpnjrLlCarNk9axh4Dw1OjgEvwPlEqsiWXt2tylLeab0OGC47MmJx",
      "RmKwgVukMuxkQb8v4ANSRtih7R+E+qXfexjEFYtzh/uaRP1Z7ZrO/oqq0oLbPpsx",
      "yTSRDL1i5/fgdIlKVH3N4IF7E8Pc3REgYIwLQxYjTdgVHEAM65XegQ2Lkpr4iae3",
      "hm4IsD2PrsVITrlsLg65XnfcbsCs/OfQ5GuUp+xUBw5e0bQBmsWEiCaCjrq/EHJa",
      "/oeJRqS7lyGYDC+wiSsE70x4dvu1um2F+V1Jw4LWjhu8Z8dNSXPSf8vLqXGkWAlk",
      "805lq+iy7Mkhb+dlr4R9WhMWDyGwgYs=",
      "-----END PRIVATE KEY-----"
  ]
}
