[
  {
    "hostname": "ceph-master",
    "services": [
      { "type": "mds", "id": "a" },
      { "type": "mds", "id": "b" },
      { "type": "mds", "id": "c" },
      { "type": "mgr", "id": "x" },
      { "type": "mon", "id": "a" },
      { "type": "mon", "id": "b" },
      { "type": "mon", "id": "c" },
      { "type": "osd", "id": "0" },
      { "type": "osd", "id": "1" },
      { "type": "osd", "id": "2" }
    ],
    "ceph_version": "ceph version Development (no_version) pacific (dev)",
    "addr": "",
    "labels": [],
    "service_type": "",
    "sources": { "ceph": true, "orchestrator": false },
    "status": ""
  },
  {
    "ceph_version": "",
    "services": [],
    "sources": { "ceph": false, "orchestrator": true },
    "hostname": "mgr0",
    "addr": "mgr0",
    "labels": [],
    "status": ""
  }
]
